page-2025-03-04.html	f808ad80e3f32b6163aeddcb58c552598a10c28aa0c9c4dac7437d86921380b7
page-2025-03-25.html.gz	720216177070821385798e84626779488fa220bae93c6116f0832658c5f80c3f
page-2025-03-28.html.gz	1b3e9a0987f764774b5705707c0dede718aa76b903109b05c1bc61f3f35ed796
page-2025-04-22.html	271f2a5d70b4d9642504a0b8036baca4df557d69a5c8456bdf567ecabf4900cf
page-2025-05-30.html.gz	2a4f6ab36f863e8bea4f7af122bc4a98f375f74f07ae70249898710ea19ac927
report-2025-11-24.pdf	f055da2eaff8308f9dd53e8bf4f0181edf07e73e1584f73691c522e7bfad6a05
report-2025-12-23.pdf	e8d6795dbf3117fc68f9719aed03194708d59e373bba3b1d4589f84e5868821f
report-2026-01-12.pdf	5bdce9b1933a8876b097ab2002437c3c10f9ae5bac4629519f2438ff431d2794
page-live-2026-10-07.html	1503696a6b3647a01547c4cf0f60823d1f977d2e9274fef38725ccae96aec2b7
census-national_county2020.txt	9f6e5f6eb6ac2f5e9a36d5fd01dec77991bddc75118f748a069441a4782970d6
cdx-outbreak-page-20250301-20250910.json	93b62a89a91ac85ae1598e5afed6c01d8e811fb56ce92ee01cbdca898c3c24b8
